[
  {
    "title": "Online Star Party",
    "date": "2025-12-13T19:00:00",
    "location": "Virtual",
    "tags": [
      "star-party",
      "online"
    ],
    "blurb": "Live sky tour + Q&A. Zoom link is emailed to subscribers.",
    "link": "#"
  },
  {
    "title": "Astrophotography Basics (Online)",
    "date": "2025-12-27T19:00:00",
    "location": "Virtual",
    "tags": [
      "workshop",
      "online"
    ],
    "blurb": "Stacking, calibration frames, and simple processing workflow.",
    "link": "#"
  }
]